文件夹名,圣人名称,介绍,纪念日
七位圣昆仲-saint-1071001,七位圣昆仲,殉道 the Seven Brothers and St. Feheity,7月10日
为基督徒合一祈祷周（18 - 25日）-saint-1011801,为基督徒合一祈祷周（18 - 25日）,,1月18日
依华昆仲-saint-1100301,依华昆仲,殉道 The Two Ewalds -695,10月3日
加尔默罗圣母-saint-1071601,加尔默罗圣母,The Commemoration of Our Lady of Mount Carmel,7月16日
北美洲殉道烈士-saint-1101902,北美洲殉道烈士,The Martyrs of North America,10月19日
可敬多默•坎比斯-saint-1060701,可敬多默•坎比斯,Ven. Thomas A Kenpis,6月7日
善盗-saint-1032503,善盗,the good thief,3月25日
圣“农民”依西多禄希道-saint-1040402,圣“农民”依西多禄希道,St. Isidore the Husbandman,4月4日
圣万南修•福多诺-saint-1121501,圣万南修•福多诺,波蒂亚主教 St. Venantius Fotunatus,12月15日
圣乃仁、圣亚启略、圣女多弥谛拉-saint-1051201,圣乃仁、圣亚启略、圣女多弥谛拉,"Ss. Nereus, Achilleus and Domitilla",5月12日
圣乔治-saint-1042301,圣乔治,殉道 St. George,4月23日
圣五伤方济各-saint-1100401,圣五伤方济各,St. Francis Assisi,10月4日
圣亚大纳削-saint-1050201,圣亚大纳削,St. Athanasius,5月2日
圣亚大纳削-saint-1071502,圣亚大纳削,那不勒斯主教 St. Athanasius,7月15日
圣亚尔丰索-saint-1080101,圣亚尔丰索,主教圣师赎世主会会祖 St. Alphonsus de Liguori,8月1日
圣亚尔伯-saint-1092502,圣亚尔伯,耶路撒冷宗主教 St. Albert of Jerusalem,9月25日
圣亚尔比-saint-1081802,圣亚尔比,St. Alipius,8月18日
圣亚斐奇-saint-1041902,圣亚斐奇,坎特伯里总主教殉道 St. Alphege,4月19日
圣亚方沙•罗德利-saint-1103101,圣亚方沙•罗德利,St. Alphonsus Rodriguez,10月31日
圣亚波罗尼-saint-1012901,圣亚波罗尼,殉道 St. Apoelonius the Apologist,1月29日
圣亚玛多-saint-1050102,圣亚玛多,St. Amator,5月1日
圣亚纳大削-saint-1012202,圣亚纳大削,殉道 St. Anastasius the Persian,1月22日
圣亚肋叔-saint-1071701,圣亚肋叔,St. Alexius,7月17日
圣亚赛热-saint-1071902,圣亚赛热,St. Arsenius the Great-450,7月19日
圣亨利•莫斯-saint-1020101,圣亨利•莫斯,殉道 St. Herry Morse,2月1日
圣亨利二世-saint-1071301,圣亨利二世,St. Henry II,7月13日
圣伯吕诺-saint-1061902,圣伯吕诺,主教殉道 St. Bruno,6月19日
圣伯多禄-saint-1050803,圣伯多禄,戴郎旦主教 St. Peter,5月8日
圣伯多禄-saint-1061202,圣伯多禄,St. Peter of Mount Athos,6月12日
圣伯多禄•亚刚大辣-saint-1101901,圣伯多禄•亚刚大辣,St. Peter of Alcantara,10月19日
圣伯多禄•傅雷-saint-1120901,圣伯多禄•傅雷,圣母奥斯定女修会副会祖 St. Peter Fourier 1565-1640,12月9日
圣伯多禄•加尼削-saint-1122101,圣伯多禄•加尼削,圣师 St. Peter Canisius,12月21日
圣伯多禄•尚纳神父-saint-1042802,圣伯多禄•尚纳神父,殉道 St. Peter Mary Chanel,4月28日
圣伯多禄•格肋凡-saint-1090901,圣伯多禄•格肋凡,St. Peter Claver,9月9日
圣伯多禄•诺拉谷-saint-1050901,圣伯多禄•诺拉谷,玛利亚赎虏会 St. Peter Nolasco,5月9日
圣伯多禄•达弥盎-saint-1022101,圣伯多禄•达弥盎,主教圣师 St. Peter Damian,2月21日
圣伯多禄和圣刁尼霞-saint-1051501,圣伯多禄和圣刁尼霞,殉道者 Ss. Peter and Dionysia,5月15日
圣伯多禄圣保禄大殿奉献日-saint-1111801,圣伯多禄圣保禄大殿奉献日,The Dedication of the Basilicas of St. Peter and of St. Paul,11月18日
圣伯多禄金言-saint-1073001,圣伯多禄金言,辣未纳总主教圣师 St. Peter Chrysologus,7月30日
圣伯尔纳定•栖亚那-saint-1052001,圣伯尔纳定•栖亚那,St. Bernardine of Siena,5月20日
圣伯尔纳铎-saint-1082001,圣伯尔纳铎,格来福院长圣师 St. Bernard,8月20日
圣伯达-saint-1052501,圣伯达,圣师 St. Bede the Venerable,5月25日
圣依勒内-saint-1032402,圣依勒内,殉道 St. Irenaeus,3月24日
圣依勒内-saint-1062801,圣依勒内,里昂主教殉道 St. Irenaeus,6月28日
圣依拉略-saint-1011301,圣依拉略,主教圣师 St. Hilary,1月13日
圣依拉良-saint-1102101,圣依拉良,St. Hilarion,10月21日
圣依撒格-saint-1090902,圣依撒格,St. Isaac the Great,9月9日
圣依玻里多和圣彭谦-saint-1081301,圣依玻里多和圣彭谦,殉道 Ss. Hippolytus and Ponlianus,8月13日
圣依纳爵•安提约基亚-saint-1101701,圣依纳爵•安提约基亚,主教殉道 St. Ignatius of Antioch,10月17日
圣依纳爵•罗耀拉-saint-1073101,圣依纳爵•罗耀拉,耶稣会会祖圣纳爵 St. Ignatius of Loyola,7月31日
圣依纳爵•雷可尼-saint-1051101,圣依纳爵•雷可尼,St. Ignatius of Laconi,5月11日
圣依西多禄-saint-1040401,圣依西多禄,St. Isidore,4月4日
圣依诺增爵一世-saint-1072701,圣依诺增爵一世,教宗 St. Innocent I,7月27日
圣保林-saint-1062201,圣保林,诺拉主教 St. Paulinus of Nola,6月22日
圣保禄“诚朴者”-saint-1030702,圣保禄“诚朴者”,St. Paul the Simple,3月7日
圣保禄三木司铎及同伴-saint-1020601,圣保禄三木司铎及同伴,the Martyrs of Japan,2月6日
圣保禄六世-saint-1052902,圣保禄六世,教宗 St. Paul VI,5月29日
圣保禄首位独修-saint-1011501,圣保禄首位独修,St. Paul the Hermit,1月15日
圣傅培-saint-1041001,圣傅培,沙尔德主教 St. Fulbert,4月10日
圣傅天定和圣约未达殉道-saint-1021501,圣傅天定和圣约未达殉道,Ss. Faustinus & Jovita,2月15日
圣儒略一世-saint-1041201,圣儒略一世,教宗 St. Julius I,4月12日
圣克利斯品、圣克利斯毕-saint-1102501,圣克利斯品、圣克利斯毕,殉道 Ss. Crispin and Crispinian,10月25日
圣克罗德-saint-1090701,圣克罗德,St. Cloud,9月7日
圣克路多-saint-1060802,圣克路多,梅兹主教 St. Clodulf,6月8日
圣公拉-saint-1021901,圣公拉,St. Conrad of Placenza,2月19日
圣凯撒利乌•纳齐盎-saint-1022401,圣凯撒利乌•纳齐盎,St. Caesarius of Nazianzus,2月24日
圣刁多禄-saint-1092001,圣刁多禄,坎特布里总主教 St. Theodore -690,9月20日
圣刁多禄-saint-1111102,圣刁多禄,院长 St. Theodore the Studite,11月11日
圣刁杜禄与圣儒里安-saint-1021702,圣刁杜禄与圣儒里安,殉道 Ss. Theodulus & Julian,2月17日
圣加利斯督-saint-1101401,圣加利斯督,教宗殉道 St. Callistus,10月14日
圣加努多-saint-1011901,圣加努多,St. Canute Denrnark,1月19日
圣加尼斯-saint-1101101,圣加尼斯,院长 St. Canice,10月11日
圣加帝诺-saint-1041801,圣加帝诺,米兰总主教 St. Caldinus,4月18日
圣加弥禄-saint-1071401,圣加弥禄,灵医会创办人 St. Camillus De Lellis,7月14日
圣加拉桑-saint-1082502,圣加拉桑,公学司铎修会创办人 St. Joseph Calasanz,8月25日
圣加斯伯-saint-1112501,圣加斯伯,宝血会会祖 St. Caspar Del Bufalo,11月25日
圣加斯多罗-saint-1032602,圣加斯多罗,殉道 St. Castulus,3月26日
圣加耶当-saint-1080702,圣加耶当,神职界修会副会祖 St. Cajetan,8月7日
圣加西弥禄-saint-1030401,圣加西弥禄,St. Casimir of Poland,3月4日
圣勃路诺-saint-1100601,圣勃路诺,加多森会创办人 St. Bruno,10月6日
圣十字保禄-saint-1101903,圣十字保禄,苦难会会祖 St. Paul of the Cross 1694-1775,10月19日
圣十字架若望若瑟-saint-1030501,圣十字架若望若瑟,St. John Joseph of the Cross,3月5日
圣华旦-saint-1080301,圣华旦,梅洛士院长 St. Waltheof -1160,8月3日
圣华楞定-saint-1021402,圣华楞定,殉道 St. Valentine,2月14日
圣南米修及其他殉道烈士-saint-1121901,圣南米修及其他殉道烈士,Ss. Nemesius and other Martyrs,12月19日
圣南西苏-saint-1102901,圣南西苏,耶路撒冷主教 St. Narcissus of Jerusalem -215,10月29日
圣博策稣、圣玛谛酿-saint-1070201,圣博策稣、圣玛谛酿,殉道 Ss. Processus and Martinian,7月2日
圣厄利亚-saint-1072001,圣厄利亚,耶路撒冷宗主教)和圣法来文(Ss. Elias and Flavian,7月20日
圣厄瓦理斯多-saint-1102601,圣厄瓦理斯多,教宗殉道 St. Evaristus,10月26日
圣史比利廷-saint-1121402,圣史比利廷,德米杜主教 St. Spiridion,12月14日
圣吉拉-saint-1092402,圣吉拉,塞纳主教殉道 St. Gerard of Sagredo,9月24日
圣君士坦丁-saint-1031102,圣君士坦丁,殉道 St. Constantine,3月11日
圣吴巴多-saint-1051602,圣吴巴多,古比奥主教 St. Ubald,5月16日
圣味增爵-saint-1012201,圣味增爵,文生殉道 St. Vincent of Saragossa,1月22日
圣味增爵-saint-1092702,圣味增爵,遣使会和仁爱会创始人 St. Vincent De Paul,9月27日
圣味增爵•斐勒略-saint-1040501,圣味增爵•斐勒略,St. Vincent Ferrer,4月5日
圣味增爵•柏乐天-saint-1012203,圣味增爵•柏乐天,St. Vincent Polloti,1月22日
圣味增爵•雷冷-saint-1052402,圣味增爵•雷冷,St. Vincent of Lerins,5月24日
圣哈德良-saint-1010901,圣哈德良,坎特培里院长 St. Adrian,1月9日
圣嘉德-saint-1030201,圣嘉德,李非主教 St. Chad,3月2日
圣嘉禄-saint-1110401,圣嘉禄,米兰枢机主教 St. Charles Borromeo,11月4日
圣嘉禄•卢安加及同伴-saint-1060301,圣嘉禄•卢安加及同伴,St. Charles Lwanga and Companions,6月3日
圣基多福-saint-1072502,圣基多福,殉道 St. Christopher,7月25日
圣基文-saint-1060302,圣基文,根巴度院长 St. Kevin,6月3日
圣塞味利•诺利根-saint-1010801,圣塞味利•诺利根,St. Severin of Noricun,1月8日
圣塞尔久、圣伯古斯-saint-1100801,圣塞尔久、圣伯古斯,殉道 Ss. Sergius and Bacchus,10月8日
圣塞尔久一世-saint-1090802,圣塞尔久一世,教宗 St. Sergius I,9月8日
圣塞来斯定一世-saint-1040601,圣塞来斯定一世,教宗 St. Celestinel,4月6日
圣塞来斯定五世-saint-1051901,圣塞来斯定五世,教宗 St. Celestine V,5月19日
圣多利波-saint-1032301,圣多利波,利马总主教 St. Turibius,3月23日
圣多明我-saint-1080801,圣多明我,多明我会会祖 St. Dominic,8月8日
圣多明我•沙维豪-saint-1050602,圣多明我•沙维豪,St. Donfinic Savio,5月6日
圣多明我•西洛-saint-1122001,圣多明我•西洛,院长 St. Dominic of Silos -1073,12月20日
圣多玛斯•阿奎那-saint-1012801,圣多玛斯•阿奎那,圣师雅奎 St. Thomas Aquinas,1月28日
圣多默•威拉诺-saint-1092201,圣多默•威拉诺,总主教 St. Thomas of Villanova,9月22日
圣多默•莫尔-saint-1062203,圣多默•莫尔,殉道 St. Thomas More,6月22日
圣多默•贝凯-saint-1122901,圣多默•贝凯,St. Thomas Becket,12月29日
圣大亚伯尔-saint-1111501,圣大亚伯尔,勒根斯堡主教圣师 St. Albert the Great,11月15日
圣奥乃西-saint-1021601,圣奥乃西,殉道 St. Onesimus,2月16日
圣奥多-saint-1070202,圣奥多,彭伯主教 St. Otto,7月2日
圣奥斯华-saint-1080901,圣奥斯华,殉道 St. Oswald of Northumbria,8月9日
圣奥斯定-saint-1052701,圣奥斯定,坎特伯里总主教 St. Augustine,5月27日
圣奥斯定-saint-1082801,圣奥斯定,希波主教圣师 St. Augustinei of Hippo,8月28日
圣女万罗尼加•祁拉尼-saint-1070903,圣女万罗尼加•祁拉尼,童贞 St. Veronica Giuliani,7月9日
圣女亚兰弟-saint-1061502,圣女亚兰弟,童贞 St. Aleydis,6月15日
圣女亚加大-saint-1020501,圣女亚加大,童贞殉道 St. Agatha,2月5日
圣女亚加比大日-saint-1072602,圣女亚加比大日,童贞路物仁爱女修会副会祖 St. Bartholomea Capitanio-1833,7月26日
圣女任曼娜-saint-1061501,圣女任曼娜,童贞 St. Germaine Cousin,6月15日
圣女伯尔纳德-saint-1041601,圣女伯尔纳德,St. Bernadette or Mary Bernard Soubinous,4月16日
圣女伯蒂拉-saint-1110501,圣女伯蒂拉,童贞 St. Betrilla -708,11月5日
圣女佛波罗尼-saint-1062502,圣女佛波罗尼,童贞殉道 St. Febronia,6月25日
圣女依搦斯-saint-1012101,圣女依搦斯,雅妮童贞殉道 St. Agnes,1月21日
圣女依搦斯•蒙德波-saint-1042001,圣女依搦斯•蒙德波,童贞 St. Agnes of Montepulciano,4月20日
圣女依撒伯尔•皮希亚-saint-1082601,圣女依撒伯尔•皮希亚,童贞十字女修会副创办人 St. Elizabeth Bichier des Ages,8月26日
圣女依撒伯尔•许诺-saint-1061802,圣女依撒伯尔•许诺,童贞 St. Elizabeth of Schonau,6月18日
圣女傅天娜-saint-1100501,圣女傅天娜,童贞 St. Faustina,10月5日
圣女儒斯大、圣妇卢菲娜-saint-1071901,圣女儒斯大、圣妇卢菲娜,Ss. Justa and Rufina,7月19日
圣女克利斯蒂娜-saint-1072402,圣女克利斯蒂娜,童贞 St. Christina the Astonishing,7月24日
圣女则济利亚-saint-1112201,圣女则济利亚,童贞殉道 St. Cecilia -250,11月22日
圣女加大利纳-saint-1030301,圣女加大利纳,St. Katharine Drexel 1858-1955,3月3日
圣女加大利纳•仙娜-saint-1042901,圣女加大利纳•仙娜,童贞圣师 St. Catherine of Siena,4月29日
圣女加大利纳•利其-saint-1021301,圣女加大利纳•利其,St. Catherine de Ricci,2月13日
圣女加大利纳•拉布莱-saint-1112801,圣女加大利纳•拉布莱,童贞 St. Catherine Laboure 1806-1876,11月28日
圣女加大利纳•瑞典-saint-1032401,圣女加大利纳•瑞典,童贞 St. Catherine of Sweden,3月24日
圣女加辣-saint-1081101,圣女加辣,加辣会创办人 St. Clare,8月11日
圣女华波加-saint-1022501,圣女华波加,童贞 St. Walburga,2月25日
圣女吕佳田-saint-1061602,圣女吕佳田,童贞 St. Lutgardis,6月16日
圣女大德肋撒-saint-1101501,圣女大德肋撒,童贞 加尔默罗修会改革者 St. Teresa of Avila,10月15日
圣女婴孩耶稣德肋撒-saint-1100101,圣女婴孩耶稣德肋撒,St. Terese of Licieux,10月1日
圣女安琪拉-saint-1012701,圣女安琪拉,童贞圣乌苏拉女修会会祖 St. Angela Merici,1月27日
圣女尤丽娜-saint-1020701,圣女尤丽娜,童贞 St. Juliana Falconieri,2月7日
圣女尼诺-saint-1121502,圣女尼诺,童贞 St. Nino,12月15日
圣女彼彼亚纳-saint-1120201,圣女彼彼亚纳,童贞殉道 St. Bibiana,12月2日
圣女德格拉-saint-1092302,圣女德格拉,童贞殉道 St. Thecla of Iconium,9月23日
圣女斯高拉蒂加-saint-1021001,圣女斯高拉蒂加,圣思嘉童贞 Scholastica,2月10日
圣女方佳-saint-1042602,圣女方佳,童贞女修院院长 St. Franca of Piacenza,4月26日
圣女方济加-saint-1122201,圣女方济加,童贞 圣心传教女修会创办人 St. Frances Xavier Cabrini 1850-1917,12月22日
圣女日南斐法-saint-1010303,圣女日南斐法,童贞 St. Genevieve,1月3日
圣女日多达-saint-1111602,圣女日多达,St. Getrude,11月16日
圣女日多达•尼凡拉-saint-1031702,圣女日多达•尼凡拉,童贞 St. Gertrude of Nivelles,3月17日
圣女普黎斯加-saint-1011803,圣女普黎斯加,St. Prisca,1月18日
圣女欧多钦-saint-1092802,圣女欧多钦,童贞 St. Eustochium,9月28日
圣女欧弗来西亚-saint-1031301,圣女欧弗来西亚,童贞 St. Euphrasia,3月13日
圣女法拉意弟-saint-1010402,圣女法拉意弟,St. Pharaildis,1月4日
圣女爱弥丽-saint-1061702,圣女爱弥丽,童贞“天神显现”若瑟女修会会祖 St. Emily de Vialar,6月17日
圣女玛利亚•弥额拉•谭马西-saint-1082503,圣女玛利亚•弥额拉•谭马西,童贞圣体孝女会创办人 St. Mary Michaela Desmanisieres 1809-1865,8月25日
圣女玛利亚•方济加-saint-1100602,圣女玛利亚•方济加,童贞 St. Mary Francesd Naples,10月6日
圣女玛利亚•玛达肋纳•巴斯德-saint-1071602,圣女玛利亚•玛达肋纳•巴斯德,St. Mary Magdalem Postel,7月16日
圣女玛利亚•罗撒-saint-1121503,圣女玛利亚•罗撒,童贞伯来西亚仁爱婢女会创办人 St. Mary di Rosa 1813-1855,12月15日
圣女玛加利大-saint-1011903,圣女玛加利大,童贞蒙特利尔圣母会会祖 St. Margaret Bourgeoys 1620-1700,1月19日
圣女玛加利大-saint-1101602,圣女玛加利大,童贞 St. Margaret Mary,10月16日
圣女玛加利大•高多娜-saint-1022202,圣女玛加利大•高多娜,St. Margaret Cortona,2月22日
圣女玛珊利纳-saint-1071702,圣女玛珊利纳,St. Marcellina,7月17日
圣女玛蒂娜-saint-1013001,圣女玛蒂娜,童贞致命 St. Martina,1月30日
圣女玛达肋纳•嘉诺撒-saint-1050802,圣女玛达肋纳•嘉诺撒,St. Magdalen Di Canossa,5月8日
圣女白兰佳-saint-1100802,圣女白兰佳,St. Pelagia the Penitent,10月8日
圣女福辣-saint-1100503,圣女福辣,St. Flora of Beaulien,10月5日
圣女纪达-saint-1042701,圣女纪达,童贞 St. Zita,4月27日
圣女维芭达-saint-1050202,圣女维芭达,童贞殉道 St. Wibada,5月2日
圣女罗撒-saint-1082301,圣女罗撒,童贞 St. Rose of Lima,8月23日
圣女罗撒•薇台宝-saint-1090401,圣女罗撒•薇台宝,童贞 St. Rose of Viterbo,9月4日
圣女美狄黛-saint-1022601,圣女美狄黛,童贞 St. Mechtilde,2月26日
圣女若撒法•罗撒洛-saint-1120702,圣女若撒法•罗撒洛,童贞仁慈圣母女修会创办人 St. Josepha ROssello 1811-1880,12月7日
圣女菲洛美娜-saint-1081002,圣女菲洛美娜,St. Philomena,8月10日
圣女诺波加-saint-1091402,圣女诺波加,童贞 St. Notburga -1313,9月14日
圣女贝莱蒂-saint-1042402,圣女贝莱蒂,童贞善牧仁爱圣母会会祖 St. Pelletier,4月24日
圣女贝蒂拉-saint-1102001,圣女贝蒂拉,童贞 St. Bertilla Boscardin,10月20日
圣女贞德-saint-1053001,圣女贞德,童贞 St. Joan of Arc,5月30日
圣女路济亚-saint-1121301,圣女路济亚,圣路琪童贞殉道 St. Lucy,12月13日
圣女高莱德-saint-1030601,圣女高莱德,童贞 St. Colette,3月6日
圣妇丽达-saint-1052201,圣妇丽达,St. Rita of Cascia,5月22日
圣妇亚勿拉-saint-1080502,圣妇亚勿拉,殉道 St. Afra -304,8月5日
圣妇亚德莱-saint-1121601,圣妇亚德莱,St. Adelaide,12月16日
圣妇亚纳及若亚敬-saint-1072601,圣妇亚纳及若亚敬,St. Anne & St. Joachim,7月26日
圣妇伯尔都亚、圣妇斐利琪等殉道-saint-1030701,圣妇伯尔都亚、圣妇斐利琪等殉道,Ss. Perpertua Felicity and their Companions,3月7日
圣妇依撒伯尔-saint-1070401,圣妇依撒伯尔,St. Elizabeth of Portuga,7月4日
圣妇加大利纳•热那亚-saint-1091502,圣妇加大利纳•热那亚,St. Catherine of Genoa,9月15日
圣妇华德托蒂-saint-1040901,圣妇华德托蒂,St. Waldetrudis,4月9日
圣妇奥林比亚-saint-1121702,圣妇奥林比亚,St. Olympias 361-408,12月17日
圣妇巴蒂弟-saint-1013002,圣妇巴蒂弟,St. Bathildis,1月30日
圣妇幼梅肋尼亚-saint-1123102,圣妇幼梅肋尼亚,St. Melania the Younger -439,12月31日
圣妇彼利日大-saint-1072301,圣妇彼利日大,救世主会创始人 St. Bridget,7月23日
圣妇海伦-saint-1081801,圣妇海伦,St. Helen -330,8月18日
圣妇玛加利大-saint-1111601,圣妇玛加利大,St. Margaret of Scotland,11月16日
圣妇玛蒂达-saint-1031401,圣妇玛蒂达,St. Matilda,3月14日
圣妇芳济加-saint-1030901,圣妇芳济加,St. Frances of Rome,3月9日
圣妇若翰纳-saint-1020402,圣妇若翰纳,圣母领报会会祖 St. John of France,2月4日
圣妇若翰纳•方济加•尚达尔-saint-1121202,圣妇若翰纳•方济加•尚达尔,圣母往见会创办人 St. Jane Frances de Chantal -1641,12月12日
圣妇莫尼加-saint-1082701,圣妇莫尼加,St. Monica,8月27日
圣妇赫德维-saint-1101601,圣妇赫德维,St. Hedwig,10月16日
圣妇露易丝-saint-1031501,圣妇露易丝,仁爱女修会副会祖 St. Louisa De Marillac,3月15日
圣妇顾乃宫-saint-1030202,圣妇顾乃宫,St. Cunegund,3月2日
圣威利巴-saint-1110701,圣威利巴,欧德莱主教 St. Willbrord 658-739,11月7日
圣威廉-saint-1090201,圣威廉,洛斯奇主教 St. William of Rokide,9月2日
圣威廉•维吉尔-saint-1062501,圣威廉•维吉尔,维吉尔修院院长 St. William of Monte Vergine,6月25日
圣威弗烈-saint-1101201,圣威弗烈,约克主教 St. Wilfrid 709,10月12日
圣威德廉-saint-1071801,圣威德廉,乌德莱主教殉道 St. Frederick,7月18日
圣威纳巴-saint-1121801,圣威纳巴,院长 St. Wunibald,12月18日
圣婴西满和圣童威廉-saint-1032201,圣婴西满和圣童威廉,殉道者 Ss. Simen of Trent and William of Norwich,3月22日
圣孟泰诺、圣路琪及其它烈士-saint-1022402,圣孟泰诺、圣路琪及其它烈士,"殉道 Ss. Montantls, Lucius & their Companions",2月24日
圣安•贝兰•丝彤-saint-1010401,圣安•贝兰•丝彤,依丽莎白 St. Eizabeth Ann Bayley Seton,1月4日
圣安利日-saint-1120101,圣安利日,诺雷主教 St. Eligius -660,12月1日
圣安多宁-saint-1051001,圣安多宁,佛罗伦萨总主教 St. Antoninus,5月10日
圣安多尼-saint-1061301,圣安多尼,圣师 St. Antony of Padua,6月13日
圣安多尼•加烈-saint-1102401,圣安多尼•加烈,古巴总主教圣母无玷圣心传教会创办人 St. Antony Claret,10月24日
圣安多尼•匝加利-saint-1070501,圣安多尼•匝加利,圣保禄神职修会创办人 St. Antony Zaccaria,7月5日
圣安当院长-saint-1011701,圣安当院长,St. Antony the Great,1月17日
圣安德肋•亚委琳-saint-1111002,圣安德肋•亚委琳,St. Andrew Avellino,11月10日
圣安德莫-saint-1062601,圣安德莫,比利主教 St. Anthelm,6月26日
圣安日洛-saint-1050501,圣安日洛,殉道 St. Angelo,5月5日
圣安色莫-saint-1031802,圣安色莫,吕佳主教 St. Anselm,3月18日
圣安色莫-saint-1042101,圣安色莫,坎特伯里总主教圣师 St. Anseln,4月21日
圣小西默盎“石柱人”-saint-1090302,圣小西默盎“石柱人”,St. Simeon Stylite the Younger,9月3日
圣尼冈德、圣马星-saint-1061701,圣尼冈德、圣马星,殉道 Ss. Nicander and Marcian,6月17日
圣尼各老-saint-1120601,圣尼各老,米辣主教 St. Nicholas of Myra,12月6日
圣尼各老•多伦定-saint-1091001,圣尼各老•多伦定,St. Nicholas of Tolentino,9月10日
圣尼各老•比克及其它殉道烈士-saint-1070902,圣尼各老•比克及其它殉道烈士,Ss. Nicholas Pieck and his Companions,7月9日
圣尼格老•冯物洛-saint-1032101,圣尼格老•冯物洛,St. Nicholas de flue,3月21日
圣尼赛福禄-saint-1031302,圣尼赛福禄,君士坦丁堡宗主教 St. Niceohorus,3月13日
圣巴拉削-saint-1020301,圣巴拉削,主教殉道 St. Blaise,2月3日
圣巴斯卦-saint-1051701,圣巴斯卦,St. Paschal Baylon,5月17日
圣巴斯弟盎-saint-1012002,圣巴斯弟盎,殉道 St. Sebasian,1月20日
圣巴特利爵-saint-1031701,圣巴特利爵,St. Patrick,3月17日
圣布拉祺多-saint-1100502,圣布拉祺多,殉道 St. Placid,10月5日
圣希拉利-saint-1022801,圣希拉利,教宗 St. Hilarius,2月28日
圣庞大良-saint-1072702,圣庞大良,殉道 St. Pantaleon,7月27日
圣庞德诺-saint-1070701,圣庞德诺,St. Pantaenus,7月7日
圣弟拉诺、柴诺波等殉道-saint-1022002,圣弟拉诺、柴诺波等殉道,"Ss. Tyrannio, Zenobius & other Martyrs",2月20日
圣弟茂德及圣弟铎-saint-1012601,圣弟茂德及圣弟铎,St. Timothy & St. Titus,1月26日
圣弥额尔•加利古-saint-1051402,圣弥额尔•加利古,白太林圣心司铎会会祖 St. Michael Garicoits,5月14日
圣彭诺许-saint-1091102,圣彭诺许,主教 St. Paphnutius,9月11日
圣德尼斯-saint-1100901,圣德尼斯,"巴黎主教)、圣路帝古、圣爱留德路(殉道 Ss. Denis, Rusticus & Eleutherius",10月9日
圣德肋撒·加尔各答-saint-1090502,圣德肋撒·加尔各答,St. Teresa of Calcutta,9月5日
圣恩达（院长）、圣女芳佳（童贞）-saint-1032102,圣恩达（院长）、圣女芳佳（童贞）,St. Enda and St. Fanchea,3月21日
圣息拉-saint-1071302,圣息拉,St. Silas,7月13日
圣慕达-saint-1081201,圣慕达,St. Murtagh,8月12日
圣戴沃多西-saint-1011101,圣戴沃多西,St. Theodosius the Cenobiarch,1月11日
圣戴法纳-saint-1031201,圣戴法纳,院长 St. Theophanes the Chronicler,3月12日
圣拉匝禄-saint-1121701,圣拉匝禄,St. Lazarus,12月17日
圣撒巴-saint-1120501,圣撒巴,院长 St. Sabas -532,12月5日
圣撒比诺-saint-1020902,圣撒比诺,嘉诺沙主教 St. Sabinus,2月9日
圣撒比诺等殉道者-saint-1123001,圣撒比诺等殉道者,Ss. Sabinus and his Companions,12月30日
圣文策老-saint-1092801,圣文策老,殉道 St. Wenceslaus of Bohemia,9月28日
圣文都辣-saint-1071501,圣文都辣,St. Bonaventure,7月15日
圣斐德-saint-1042401,圣斐德,圣斐德理 St. Fidelis of Sigmaringen,4月24日
圣斐理、圣亚祷多-saint-1083001,圣斐理、圣亚祷多,殉道 Ss. Felix and Adauctus,8月30日
圣斐理伯•内利-saint-1052601,圣斐理伯•内利,斐理•乃立 St. Philip Neri,5月26日
圣斐理伯•贝尼谛-saint-1082302,圣斐理伯•贝尼谛,St. Philip Benizi,8月23日
圣斐理斯-saint-1051802,圣斐理斯,St. Felix Cantalice,5月18日
圣斐理斯•瓦洛亚-saint-1112001,圣斐理斯•瓦洛亚,圣三赎虏会会祖 St. Felix of Valois,11月20日
圣斯多米-saint-1121802,圣斯多米,院长 St. Sturmi,12月18日
圣斯德望-saint-1041702,圣斯德望,西笃修院院长西斯德会副会长 St. Stephen Harding,4月17日
圣斯德望-saint-1112901,圣斯德望,殉道 St. Stephen the Younger,11月29日
圣斯德望国王-saint-1081601,圣斯德望国王,St. Stephen of Hungary,8月16日
圣方济各•加辣巧洛-saint-1060401,圣方济各•加辣巧洛,末位神职界修会会祖 St. Francis Caracciolo,6月4日
圣方济各•基罗拉莫-saint-1051102,圣方济各•基罗拉莫,St. Francis Di Girolamo,5月11日
圣方济各•撒肋爵-saint-1012401,圣方济各•撒肋爵,主教圣师 St. Francis de Sales,1月24日
圣方济各•沙勿略-saint-1120301,圣方济各•沙勿略,St. Francis Xavier,12月3日
圣方济各•沙勿略•白英奇-saint-1013102,圣方济各•沙勿略•白英奇,St. Francis Xavier Bianchi,1月31日
圣方济各•沙拉纳-saint-1072401,圣方济各•沙拉纳,St. Francis Salasno,7月24日
圣方济各•玻尔日亚-saint-1101001,圣方济各•玻尔日亚,St. Francis Borgia,10月10日
圣方济各保拉-saint-1040201,圣方济各保拉,最小兄弟会会祖 St. Francis of Paola,4月2日
圣方济各受五伤痕-saint-1091702,圣方济各受五伤痕,The Stigmata of St. Francis,9月17日
圣施礼华-saint-1062602,圣施礼华,司铎 St. Josemaria,6月26日
圣日多列和殉道烈士-saint-1061001,圣日多列和殉道烈士,Ss. Getulius and his Companions,6月10日
圣日曼诺斯-saint-1052801,圣日曼诺斯,巴黎主教 St. Gemanus,5月28日
圣旦利塞-saint-1090102,圣旦利塞,St. Drithelm,9月1日
圣普罗多、圣雅钦多-saint-1091101,圣普罗多、圣雅钦多,殉道 Ss. Prtcals & Hvacinth,9月11日
圣本笃-saint-1071101,圣本笃,院长 St. Benedict 480-547,7月11日
圣本笃•波斯哥-saint-1011201,圣本笃•波斯哥,修院院长 St. Benedict Biscop,1月12日
圣本笃•若瑟•雷伯-saint-1041501,圣本笃•若瑟•雷伯,St. Benedict Joseph Labre,4月15日
圣林达-saint-1022702,圣林达,赛维拉主教 St. Leander,2月27日
圣柴诺-saint-1041202,圣柴诺,万罗纳主教 St. Zeno,4月12日
圣格时白-saint-1032001,圣格时白,主教 St. Cuthbert,3月20日
圣格肋多-saint-1042601,圣格肋多,殉道 St. Cletus,4月26日
圣格肋孟•浩卜-saint-1031502,圣格肋孟•浩卜,St. Clemlent Hofbauer,3月15日
圣格肋孟一世-saint-1112301,圣格肋孟一世,教宗殉道 St. Clement I -100,11月23日
圣梅多田-saint-1061401,圣梅多田,君士坦丁堡宗主教 St. Methodius I of Constantinople,6月14日
圣欧乐日-saint-1031101,圣欧乐日,殉道 St. Eulogius of Cordova,3月11日
圣欧千流-saint-1022001,圣欧千流,奥尔良主教 St. Eucherius,2月20日
圣欧杰-saint-1071303,圣欧杰,迦太基主教 St. Eugenius-505,7月13日
圣欧洛日-saint-1091302,圣欧洛日,亚历山大宗主教 St. Eulogius of Alexandlia,9月13日
圣欧瑟伯-saint-1062102,圣欧瑟伯,主教 St. Eusebius of Samoasta,6月21日
圣欧瑟伯-saint-1080201,圣欧瑟伯,凡尔则里主教 St. Eusebius of Vencelli,8月2日
圣母元后-saint-1082201,圣母元后,The Queenship of the Blessed Virgin Mary,8月22日
圣母圣名节-saint-1091201,圣母圣名节,The Holy Name of Mary,9月12日
圣母奉献日-saint-1112101,圣母奉献日,The Presentation of the Blessed Virgin Mary,11月21日
圣母忠仆会七位会祖-saint-1021701,圣母忠仆会七位会祖,the Founders of the Servite Order,2月17日
圣母无玷圣心-saint-7,圣母无玷圣心,,未知
圣母痛苦圣嘉俾厄尔-saint-1022701,圣母痛苦圣嘉俾厄尔,St. Gabriel Possenti,2月27日
圣母诸宠中保及中华圣母节-saint-1053102,圣母诸宠中保及中华圣母节,Our Lady of all Graces and Queen of China,5月31日
圣母赎虏-saint-1092401,圣母赎虏,Our Lady of Ransom,9月24日
圣比约•庇特來-saint-1092303,圣比约•庇特來,司铎 St. Pio of Pietrelcina.,9月23日
圣比约五世-saint-1043001,圣比约五世,教宗 Pius V Michele Ghislieril,4月30日
圣比约十世-saint-1082101,圣比约十世,教宗 St. Pius X,8月21日
圣毛禄院长-saint-1011502,圣毛禄院长,St. Maurus,1月15日
圣法比盎-saint-1012001,圣法比盎,法彬教宗殉道 St. Fabian,1月20日
圣波利卡浦-saint-1022301,圣波利卡浦,主教殉道 St. Polycarp,2月23日
圣波尼法爵-saint-1060501,圣波尼法爵,圣博义总主教殉道 St. Boniface,6月5日
圣波尼法爵四世-saint-1050801,圣波尼法爵四世,St. Boniface IV,5月8日
圣波罗德格、圣波太米诺及其他殉道烈士-saint-1062802,圣波罗德格、圣波太米诺及其他殉道烈士,Ss. Blutarch Potamiaena and their Companions,6月28日
圣波菲利-saint-1022602,圣波菲利,迦萨主教 St. Porphyry,2月26日
圣泰拉修-saint-1022502,圣泰拉修,君士坦丁堡宗主教 St. Tarsius,2月25日
圣洛克-saint-1081602,圣洛克,St. Rock,8月16日
圣济利禄-saint-1031801,圣济利禄,St. Cyril,3月18日
圣济利禄-saint-1062701,圣济利禄,亚历山大主教圣师 St. Cyril,6月27日
圣济利禄•凯撒利亚-saint-1052901,圣济利禄•凯撒利亚,殉道 St. Cyril of Caesarea,5月29日
圣济利禄、圣美铎第-saint-1021401,圣济利禄、圣美铎第,主教 Ss. Cyril and Methodius,2月14日
圣炳德西-saint-1072101,圣炳德西,St. Laurence of Brindisi,7月21日
圣热罗尼莫-saint-1093001,圣热罗尼莫,圣师 St. Jerome,9月30日
圣热罗莫•爱弥廉-saint-1020801,圣热罗莫•爱弥廉,St. Jierome Emiliani,2月8日
圣爱弗冷-saint-1060901,圣爱弗冷,圣师 St. Ephraem,6月9日
圣爱弥理-saint-1092002,圣爱弥理,童贞圣家女修会创办人 St. Emily de Rodat,9月20日
圣爱徐亚-saint-1092701,圣爱徐亚,St. Eleazar de Sabran,9月27日
圣爱德华-saint-1101301,圣爱德华,St. Edward Confessor 1004-1066,10月13日
圣爱德门-saint-1111603,圣爱德门,坎特布里总主教 St. Edmund of Abingdon,11月16日
圣爱比巴巨、圣亚历山大-saint-1042202,圣爱比巴巨、圣亚历山大,殉道 Ss. Epipodius and Alexander,4月22日
圣爱琉德理-saint-1090601,圣爱琉德理,院长 St. Eleutherius,9月6日
圣爱美兰霞-saint-1012301,圣爱美兰霞,童贞殉道 St. Emerentiana,1月23日
圣牛曼-saint-1010501,圣牛曼,St. John Nepornucene Neumann,1月5日
圣犹思定殉道-saint-1060101,圣犹思定殉道,St. Justin,6月1日
圣狄尼削-saint-1111902,圣狄尼削,亚历山大主教 St. Dionysius of Alexandria,11月19日
圣玛利亚•玛萨利洛-saint-1051302,圣玛利亚•玛萨利洛,母佑会副会祖 St. Mary Mazzarello,5月13日
圣玛塞洛-saint-1103001,圣玛塞洛,殉道 St. Marcellus the Cenlurion,10月30日
圣玛尔大、圣玛利亚及圣拉匝禄-saint-1072901,圣玛尔大、圣玛利亚及圣拉匝禄,"St. Martha, Mary and Lazarus",7月29日
圣玛尔定-saint-1110301,圣玛尔定,St. Martin de Porres 1579-1639,11月3日
圣玛尔定-saint-1111101,圣玛尔定,都尔主教 St. Martin of Tours,11月11日
圣玛尔定一世-saint-1041301,圣玛尔定一世,教宗殉道 St. Martin I,4月13日
圣玛策林、圣伯多禄-saint-1060201,圣玛策林、圣伯多禄,殉道 Ss. Marcellinus and Peter,6月2日
圣玛蒂银“隐修士”-saint-1021302,圣玛蒂银“隐修士”,St. Martinian the Hermit,2月13日
圣玛达肋纳•沙斐•亚巴拉-saint-1052503,圣玛达肋纳•沙斐•亚巴拉,童贞圣心女修会会祖 St. Madeleine Sophie Barat,5月25日
圣珈尔-saint-1070101,圣珈尔,克来门主教 St. Gall,7月1日
圣理查德-saint-1040301,圣理查德,St. Richard,4月3日
圣理诺-saint-1092301,圣理诺,教宗殉道 St. Linus,9月23日
圣瑰玛•甘甘妮-saint-1041102,圣瑰玛•甘甘妮,St. Gemma Galgan,4月11日
圣盎博罗削-saint-1120701,圣盎博罗削,米兰主教圣师 St. Ambrose 340-397,12月7日
圣祁•安德烈-saint-1091202,圣祁•安德烈,St. Guy of Anderlecht,9月12日
圣祺肋-saint-1090101,圣祺肋,院长 St. Giles,9月1日
圣福若瑟-saint-1012902,圣福若瑟,司铎 St. Joseph Freinademetz,1月29日
圣福里安-saint-1050401,圣福里安,殉道 St. Florian,5月4日
圣福门舒-saint-1102701,圣福门舒,亚克松主教 St. Frumentius 330-380,10月27日
圣童郑安道-saint-1020602,圣童郑安道,,2月6日
圣米济亚德-saint-1121002,圣米济亚德,教宗殉道 St. Miltiades -314,12月10日
圣类思•公撒格-saint-1062101,圣类思•公撒格,St. Aloysius,6月21日
圣索台禄-saint-1042201,圣索台禄,教宗殉道 St. Soter,4月22日
圣约纳和巴拉古-saint-1032902,圣约纳和巴拉古,殉道 Ss. Jonas and Barachisius,3月29日
圣维克多-saint-1052101,圣维克多,殉道 St. Victor of Marseilles,5月21日
圣维琪尔-saint-1112701,圣维琪尔,苏士堡主教 St. Virgil of Salzburg -784,11月27日
圣罗伯多•贝勒明-saint-1091701,圣罗伯多•贝勒明,加菩亚主教枢机圣师 St. Robert Bellarmine,9月17日
圣罗慕铎-saint-1061901,圣罗慕铎,院长卡马尔修会会祖 St. Romuald,6月19日
圣罗拔-saint-1060703,圣罗拔,纽明特院长 St. Robert,6月7日
圣老楞佐-saint-1020302,圣老楞佐,主教 St. Laurence,2月3日
圣老楞佐•儒斯定-saint-1090501,圣老楞佐•儒斯定,威尼斯宗主教 St. Laurence Giustiniani,9月5日
圣老楞佐•奥多-saint-1111401,圣老楞佐•奥多,都柏林总主教 St. Laurence O'Toole,11月14日
圣胡伯-saint-1112902,圣胡伯,列日主教 St. Hubert -727,11月29日
圣良一世-saint-1111001,圣良一世,主教 St. Leo the Great,11月10日
圣良九世-saint-1041901,圣良九世,教宗 St. Leo IX. Bruno,4月19日
圣良纳-saint-1112601,圣良纳,St. Leonard of Port Mauriee 1676-1751,11月26日
圣良纳弟-saint-1110602,圣良纳弟,St. Leonard of Noblac,11月6日
圣艾士波和卓娅-saint-1070801,圣艾士波和卓娅,殉道 Ss. Hesperus and Zoa-135,7月8日
圣芬明-saint-1112401,圣芬明,殉道 St. Finmin -303)、圣芬伯(主教 St. Finbar -633,11月24日
圣若撒法-saint-1111201,圣若撒法,波罗总主教殉道 St. Joaphat of Polotsk,11月12日
圣若望·保禄二世-saint-1102201,圣若望·保禄二世,教宗 St. John Paul II,10月22日
圣若望“埃及人”-saint-1032701,圣若望“埃及人”,St. John of Egypt,3月27日
圣若望“由十字架者”-saint-1121401,圣若望“由十字架者”,圣师 St. John of the Cross,12月14日
圣若望•亚维拉-saint-1051002,圣若望•亚维拉,St. John of Avila,5月10日
圣若望•伯尔各满-saint-1112502,圣若望•伯尔各满,St. John Berchmans,11月25日
圣若望•克利马古-saint-1033001,圣若望•克利马古,院长 St. John Climacus,3月30日
圣若望•安其味-saint-1031002,圣若望•安其味,St. John Ogilve 1580-1615,3月10日
圣若望•方济各•雷奇-saint-1061601,圣若望•方济各•雷奇,St. John Francis Regis,6月16日
圣若望•欧德-saint-1081901,圣若望•欧德,耶稣圣母会及仁爱圣母会创办人 St. John Eudes,8月19日
圣若望•比华力-saint-1050701,圣若望•比华力,St. John of Beverley,5月7日
圣若望•波利多-saint-1020401,圣若望•波利多,殉道 St. John de Britto,2月4日
圣若望•玛达-saint-1020802,圣若望•玛达,圣三赎虏会副会祖 St. John of Matha,2月8日
圣若望•瑟哈公-saint-1061201,圣若望•瑟哈公,St. John of Sahagun,6月12日
圣若望•良纳弟-saint-1100902,圣若望•良纳弟,天主之母会会祖 St. John Leonardi 1543-1609,10月9日
圣若望•费生-saint-1062202,圣若望•费生,主教枢机 St. John Fisher,6月22日
圣若望•贾必昌-saint-1102301,圣若望•贾必昌,St. John of Capistrano,10月23日
圣若望•达玛森-saint-1120401,圣若望•达玛森,圣师 St. John Damascene,12月4日
圣若望一世-saint-1051801,圣若望一世,教宗殉道 St. John I,5月18日
圣若望二十三世-saint-1101102,圣若望二十三世,教宗 St. John XXIII,10月11日
圣若望宗徒拉丁门前受鼎镬刑-saint-1050601,圣若望宗徒拉丁门前受鼎镬刑,St. John Before the Latin Gate,5月6日
圣若望根地-saint-1122301,圣若望根地,St. John of Kanti 1297-1473,12月23日
圣若瑟•古白定-saint-1091801,圣若瑟•古白定,St. Joseph of Cupertino,9月18日
圣若瑟•嘉法沙-saint-1062301,圣若瑟•嘉法沙,St. Joseph Cafasso,6月23日
圣若瑟•奥利沃-saint-1032302,圣若瑟•奥利沃,St. Joseph Oriol,3月23日
圣若瑟•巴勒斯坦-saint-1072202,圣若瑟•巴勒斯坦,St. Joseph of Palestine,7月22日
圣若瑟•巴尔撒巴-saint-1072002,圣若瑟•巴尔撒巴,St. Joseph Barsabas,7月20日
圣若瑟•高登伦哥-saint-1042902,圣若瑟•高登伦哥,St. Joseph Cottolengo,4月29日
圣若翰•兰沙-saint-1040701,圣若翰•兰沙,St. John Baptist de la Salle,4月7日
圣若翰•维雅纳-saint-1080401,圣若翰•维雅纳,St. John Vianney,8月4日
圣若翰•路西-saint-1052301,圣若翰•路西,St. John Baptist Rossi,5月23日
圣若翰洗者蒙难-saint-1082901,圣若翰洗者蒙难,The Beheading of St. John the Baptist,8月29日
圣葛利农-saint-1042801,圣葛利农,St. Louis Mary Grignion of Monffort,4月28日
圣葛斯默、圣达弥盎-saint-1092601,圣葛斯默、圣达弥盎,殉道 Ss. Cosmas and Damian,9月26日
圣西尔物斯德肋-saint-1123101,圣西尔物斯德肋,思维 St. Silvestes 314-335,12月31日
圣西尔物留-saint-1062001,圣西尔物留,教宗殉道 St. Silverius,6月20日
圣西弗里-saint-1092501,圣西弗里,威马院长 St. Ceolfrid,9月25日
圣西斯督三世-saint-1032801,圣西斯督三世,教宗 St. Sixrus III,3月28日
圣西斯督二世-saint-1080701,圣西斯督二世,教宗殉道 St. Sixtus II,8月7日
圣西满-saint-1021801,圣西满,主教殉道 St. Simeon,2月18日
圣西满•斯道克-saint-1051601,圣西满•斯道克,St. Simon Stock,5月16日
圣西略及圣国瑞•纳祥-saint-1010201,圣西略及圣国瑞•纳祥,St. Basil the Great & Gregory Nazianxen,1月2日
圣西默盎“石柱人”-saint-1010502,圣西默盎“石柱人”,St. Simeon the Stylite,1月5日
圣许格-saint-1040101,圣许格,格肋诺主教 St. Hugh of Grenoble,4月1日
圣诺贝特-saint-1060601,圣诺贝特,诺博马德堡总主教 波利荣拉登修会会祖 St. Norbert,6月6日
圣谛步爵、圣华肋廉、圣玛息莫-saint-1041401,圣谛步爵、圣华肋廉、圣玛息莫,"殉道 Ss. Tiburtius, Valerius and Maxiuss",4月14日
圣贝尼杜-saint-1081302,圣贝尼杜,St. Benildus,8月13日
圣赖孟多-saint-1010701,圣赖孟多,St. Raymond of Penyafort,1月7日
圣赖孟多•农纳都-saint-1083101,圣赖孟多•农纳都,枢机 St. Raymund Nonnatus,8月31日
圣赫利巴-saint-1031601,圣赫利巴,高郎总主教 St. Heribert,3月16日
圣路伯-saint-1032901,圣路伯,沙伯主教 St. Rupert,3月29日
圣路基-saint-1032601,圣路基,孟斯脱主教 St. Ludger,3月26日
圣路易-saint-1082501,圣路易,St. Louis of France,8月25日
圣路易•安日-saint-1081902,圣路易•安日,都鲁士主教 St. Louis of Anjou,8月19日
圣路登-saint-1021202,圣路登,St. Ludan,2月12日
圣达味-saint-1030101,圣达味,米尼主教 St. David 495-589,3月1日
圣达尼尔隐修士-saint-1033101,圣达尼尔隐修士,St. Daniel of Murano,3月31日
圣达尼老-saint-1041101,圣达尼老,主教殉道 St. Stanislaus,4月11日
圣达尼老•各斯加-saint-1111301,圣达尼老•各斯加,St. Stanislaus Kostka 1550-1568,11月13日
圣达玛稣一世-saint-1121101,圣达玛稣一世,圣达生 St. Damasus 366-384,12月11日
圣达米盎-saint-1060402,圣达米盎,St. Damian,6月4日
圣迈达-saint-1060801,圣迈达,万孟杜主教 St. Medard,6月8日
圣邦康-saint-1051202,圣邦康,St. Pancras,5月12日
圣金大建及同伴殉道-saint-1092003,圣金大建及同伴殉道,Ss. Andrew Kim Taegon and Companions,9月20日
圣阿加道-saint-1011001,圣阿加道,教宗 St. Agatho,1月10日
圣阿尼塞多-saint-1041701,圣阿尼塞多,教宗殉道 St. Anicetus,4月17日
圣雅纳略主教及其他殉道烈士-saint-1091901,圣雅纳略主教及其他殉道烈士,Ss. Januarius and his Companions,9月19日
圣雅钦多-saint-1081701,圣雅钦多,St. Hyachinth,8月17日
圣额我略“显灵迹者”-saint-1111901,圣额我略“显灵迹者”,新则撒肋主教 St. Gregory the Wonderworker 215-268,11月19日
圣额我略•巴巴里果-saint-1061803,圣额我略•巴巴里果,枢机主教 St. Gregory Barbarigo,6月18日
圣额我略一世-saint-1090301,圣额我略一世,教宗圣师 St. Gregory the Great,9月3日
圣额我略七世教宗-saint-1052502,圣额我略七世教宗,St. Gregory VII,5月25日
圣马塞兰-saint-1041803,圣马塞兰,St. Marcellin Chanmagnat,4月18日
圣马塞录一世-saint-1011601,圣马塞录一世,教宗殉道 St. Marcellus,1月16日
圣马尔谷、圣玛策廉-saint-1061801,圣马尔谷、圣玛策廉,殉道 Ss. Mark and MareeUian,6月18日
圣高尔内略及圣西彼廉主教-saint-1091601,圣高尔内略及圣西彼廉主教,殉道 St. Cornelius & St. Cyprian,9月16日
圣高弗烈-saint-1110801,圣高弗烈,亚弥央斯主教 St. Godfrey -1115,11月8日
圣高德乐-saint-1020901,圣高德乐,精修 St. Miguel Febres Cordero,2月9日
圣高比司铎-saint-1081402,圣高比司铎,"殉道 St. Maximilian Kolbe, Priest and Martyr",8月14日
圣高洛巨及其同班-saint-1082303,圣高洛巨及其同班,"Ss. Claudius, Asterius, Neon, Domnina and Theonilla",8月23日
圣高登雪-saint-1021201,圣高登雪,主教 St. Gaudentius,2月12日
圣高隆巴-saint-1060902,圣高隆巴,约纳院长 St. Columba,6月9日
圣高隆庞-saint-1112302,圣高隆庞,St. Columban -615,11月23日
圣高隆汴-saint-1021503,圣高隆汴,St. Claud La Colombiere,2月15日
圣鲍思高-saint-1013101,圣鲍思高,慈幼会会祖 St. John Bosco,1月31日
大圣若瑟劳工主保-saint-1050101,大圣若瑟劳工主保,St. Joseph the Worker,5月1日
天赐圣若望-saint-1030801,天赐圣若望,St. John of God,3月8日
护守天使-saint-1100201,护守天使,The Guardian Angels,10月2日
教会之母-saint-10,教会之母,,未知
日本殉道烈士-saint-1060102,日本殉道烈士,"The Martyrs of Japan, II",6月1日
法蒂玛圣母-saint-1051301,法蒂玛圣母,Our Lady of Fatima,5月13日
洛雷托圣母-saint-1121001,洛雷托圣母,,12月10日
玫瑰圣母节-saint-1100701,玫瑰圣母节,Our Lady's Rosary,10月7日
痛苦圣母-saint-1091501,痛苦圣母,Our Lady of Sorrows,9月15日
真福亚尔丰索-saint-1072801,真福亚尔丰索,童贞 Bd. Alphonsa Muttathupadathu 1910-1946,7月28日
真福亚松大-saint-1040802,真福亚松大,Bd. Maria Assunta,4月8日
真福亚纳•玛利亚•泰琪-saint-1060903,真福亚纳•玛利亚•泰琪,Bd. Anne Mary Taigi,6月9日
真福伯多禄•儒里安•爱麦-saint-1080302,真福伯多禄•儒里安•爱麦,至圣圣体修会会祖 Bd. Peter Julian Eymard,8月3日
真福伯多禄•法华-saint-1081102,真福伯多禄•法华,Bd. Peter Favre,8月11日
真福伯多禄•玛格里诺-saint-1073002,真福伯多禄•玛格里诺,Bd. Peter of Mogliano,7月30日
真福依撒伯尔-saint-1111701,真福依撒伯尔,童贞 Bd. Elizabeth the Good,11月17日
真福儒万纳•安西诺-saint-1083102,真福儒万纳•安西诺,沙吕查主教 Bd. Juvenal Ancina,8月31日
真福儒利亚纳-saint-1040502,真福儒利亚纳,童贞 Bd. Juliana of Mount Cornillon,4月5日
真福儒斯定-saint-1073102,真福儒斯定,尼洛波利主教 Bd. Justin de Jacobis,7月31日
真福加大利纳•拉谷尼-saint-1090402,真福加大利纳•拉谷尼,童贞 Bd. Catherine of Racconigi 1486-1547,9月4日
真福吉利-saint-1042302,真福吉利,Bd. Giles of Assisi,4月23日
真福味增济亚-saint-1122602,真福味增济亚,童贞 无玷圣母修会创办人 Bd. Vincentia Lopez 1847-1890,12月26日
真福和德理精修-saint-1011401,真福和德理精修,Bd. Odoric of Pordenone,1月14日
真福多默•李斯斐-saint-1070102,真福多默•李斯斐,Bd. Thomas Maxfield,7月1日
真福多默•福特及其他殉道烈士-saint-1052802,真福多默•福特及其他殉道烈士,Bd. Thomas Ford and his Campanions,5月28日
真福奥撒南-saint-1082202,真福奥撒南,,8月22日
真福奥斯定•诺未洛-saint-1051902,真福奥斯定•诺未洛,Bd. Augustine Novello,5月19日
真福安多尼•白田诺西-saint-1110702,真福安多尼•白田诺西,Bd. Antony Baldinucci,11月7日
真福安多尼毕马田和伙伴-saint-1081401,真福安多尼毕马田和伙伴,殉道 Bb. Antony Primaldi and other Martyrs,8月14日
真福安日洛-saint-1103002,真福安日洛,Bd. Angeto of Acri,10月30日
真福宝拉-saint-1061102,真福宝拉,童贞圣多罗珊女修会会祖 Bd. Paula Frassinetti,6月11日
真福尤丽•贝略-saint-1040801,真福尤丽•贝略,童贞诺默圣母会副会祖 Bd. Julia Billiart,4月8日
真福巴蒂斯达•华拉妮-saint-1060702,真福巴蒂斯达•华拉妮,Bd. Baptista Varani,6月7日
真福弟茂德•奇嘉多-saint-1102202,真福弟茂德•奇嘉多,Bd. Timothy Giocarde 1896-1948,10月22日
真福日安当-saint-1021502,真福日安当,Bd. Jordan of Saxony,2月15日
真福李维娜-saint-1041402,真福李维娜,童贞 Bd. Lydwina of Schiedam,4月14日
真福查瓦拉-saint-1010302,真福查瓦拉,Bd. Kuriakose Elias Chavara,1月3日
真福欧伯-saint-1040902,真福欧伯,Bd. Ubald of Florence,4月9日
真福爱德门•江本-saint-1120102,真福爱德门•江本,Bd. Edmund Campion,12月1日
真福玛利亚•德玛帝亚-saint-1082002,真福玛利亚•德玛帝亚,童贞宝血会创办人 Bd. Mary of Mattias,8月20日
真福玛加大•格利塞罗-saint-1032502,真福玛加大•格利塞罗,殉道 Bd. Margaret Clitherow,3月25日
真福痛苦玛利亚修女-saint-1111502,真福痛苦玛利亚修女,Bl. Mary of the Passion,11月15日
真福白亚蒂斯-saint-1081803,真福白亚蒂斯,童贞圣母无原罪始胎会创办人 Bd. Beatrice da Silva,8月18日
真福米凯琳-saint-1062002,真福米凯琳,Bd. Michelina of Pesaro,6月20日
真福罗撒-saint-1050702,真福罗撒,童贞 Bd. Rose Venerini,5月7日
真福若尔当-saint-1030602,真福若尔当,Bd. Jordan of Pisa,3月6日
真福若望·董思高-saint-1110802,真福若望·董思高,司铎圣师 St. John Duns Scott 1266—1308,11月8日
真福若望•德盖、赖夫•高比-saint-1090702,真福若望•德盖、赖夫•高比,殉道 Bb. John Duckett and Ralph Corby,9月7日
真福若望•沙肋诺-saint-1080902,真福若望•沙肋诺,Bd. John of Salerno 1190-1242,8月9日
真福若望狄洛及其他殉道烈士-saint-1090202,真福若望狄洛及其他殉道烈士,亚尔斯总主教 Bd. John du Lau and his Companions,9月2日
真福若翰纳•德拉诺-saint-1081702,真福若翰纳•德拉诺,圣亚纳创办人 Bd. Joan Delanoue,8月17日
真福贝脱郎-saint-1090602,真福贝脱郎,Bd. Bertrand of Garrigues,9月6日
真福费列尼-saint-1102702,真福费列尼,Bd. Contardo Ferrini,10月27日
真福路道味•巴华尼-saint-1040102,真福路道味•巴华尼,无玷圣母之子会会祖 Bd. Ludovic Pavoni,4月1日
真福辣法厄尔•玛利亚-saint-1010602,真福辣法厄尔•玛利亚,童贞圣心婢女会会祖 Bd. Raphaela Mary,1月6日
真福雷永明-saint-1013003,真福雷永明,司铎 Bd. Gabriele Allegra,1月30日
真福额我略十世-saint-1011002,真福额我略十世,教宗 Bd. Gregory X,1月10日
真福高隆巴-saint-1052002,真福高隆巴,童贞 Bd. Columba of Rieti,5月20日
福女安日拉-saint-1022802,福女安日拉,Bd. Angela of Foligno,2月28日
福女玛利亚-saint-1041802,福女玛利亚,Bd. Mary of the Incarnation,4月18日
福女若基玛-saint-1052202,福女若基玛,加尔默罗会祖 Bd. Joachima de Mas de Veruna,5月22日
罗马圣母大殿奉献日-saint-1080501,罗马圣母大殿奉献日,The Dedication of the Basilica of St. Mary Major,8月5日
罗马第一批殉道烈士-saint-1063001,罗马第一批殉道烈士,"Martyrs of Rome, I",6月30日
耶稣圣名-saint-1010301,耶稣圣名,,1月3日
色巴德等四十位圣人殉道-saint-1031001,色巴德等四十位圣人殉道,the Forty Martyrs of Sebastea,3月10日
英格兰和威尔士殉道烈士-saint-1050402,英格兰和威尔士殉道烈士,the Martyrs of England and Wales,5月4日
越南殉道烈士-saint-1071201,越南殉道烈士,"the Martyrs of Indo-China, I",7月12日
越南第二批殉道烈士-saint-1110601,越南第二批殉道烈士,"The Martyrs of Indo-China, II",11月6日
里昂及维安殉道烈士-saint-1060202,里昂及维安殉道烈士,"St. Pothinus and his Companions, the Martyrs of Lyons and Vienne",6月2日
金口圣若望-saint-1091301,金口圣若望,主教圣师 St. John Chrysostom,9月13日
露德圣母显现-saint-1021101,露德圣母显现,the Appearing of our Lady at Lourdes,2月11日
马略、玛尔大、奥地法和亚巴古-saint-1011902,马略、玛尔大、奥地法和亚巴古,"殉道 Ss. Marius, Maltha, Audifax & Abachum",1月19日
高兰蒂•玛利亚-saint-1070601,高兰蒂•玛利亚,童贞殉道 St. Maria Goretti,7月6日
